Id,Prediction
2440,13
3049,14
2544,1
941,14
1211,5
1744,10
3471,8
3335,9
1458,9
2764,10
1942,6
1010,6
2659,1
20,2
2333,8
1993,10
1685,12
1,6
2401,6
1422,11
2970,13
2859,3
271,6
2434,1
1170,5
1764,9
3280,6
1875,7
1462,8
2823,1
711,12
927,3
2748,3
2713,9
801,10
1303,13
2828,13
3422,1
26,8
145,3
21,9
529,4
1841,1
1613,7
1384,3
2671,9
521,12
313,13
831,6
3090,8
1301,3
2918,14
1122,10
725,13
2259,14
378,6
3377,11
1543,10
207,14
1096,2
1152,11
825,6
1242,14
1507,3
449,4
335,10
456,6
3092,11
1252,2
2034,6
1741,13
1271,10
239,7
2518,6
1364,11
1862,9
3178,11
2950,14
2889,3
3285,7
1653,1
530,2
935,1
1690,3
32,9
1447,5
959,2
1269,12
1626,8
322,12
2960,2
3162,2
2584,12
1660,13
1815,10
2503,5
853,14
146,5
2382,5
1910,12
2834,5
862,7
940,5
3382,3
2156,6
1589,7
2559,10
1453,6
3393,2
1979,14
2220,5
698,9
276,1
2422,3
2877,8
29,3
843,5
1789,11
358,2
1455,5
1759,11
1150,2
1435,9
840,3
1692,1
965,4
2192,12
2021,11
1323,12
1465,7
1610,12
1651,11
2464,12
3424,5
149,2
2428,11
92,14
320,8
2821,10
273,5
364,13
2387,4
2938,8
2189,4
258,14
2883,4
2722,3
2621,4
2609,5
2608,13
3477,3
554,7
1460,3
3185,9
724,8
3133,5
395,5
1963,14
37,9
415,11
1072,9
2097,9
3401,6
2065,1
31,9
2762,7
3242,6
22,14
2003,13
2785,2
1076,8
1164,1
763,8
3392,14
1931,5
2972,8
1558,12
1166,7
3053,10
1655,14
902,2
552,11
2474,7
401,7
2602,2
126,7
2872,13
417,13
3494,4
1407,8
1290,13
2404,3
844,1
731,5
381,8
3464,12
2196,12
2917,9
3191,5
2100,8
2689,11
1775,14
2308,10
1008,1
2895,10
1268,3
2201,9
685,2
3005,8
367,10
2487,10
1549,13
8,14
1970,7
2753,9
3463,6
2369,13
219,8
3369,4
1605,5
2803,1
362,4
1352,5
2954,2
2690,7
1874,3
527,10
2432,8
2462,10
1415,7
3217,10
1068,13
3470,5
1284,1
2853,5
1503,10
728,5
166,1
2153,5
1739,7
3453,11
3235,8
640,10
3117,12
2850,1
733,14
1599,7
82,13
2710,12
3256,12
1696,10
2606,8
2777,2
2906,1
3023,9
2551,11
1114,5
2370,1
2664,14
2194,2
2347,10
73,6
3384,5
3491,12
2926,10
2104,5
3036,4
1988,10
616,6
2666,12
2293,10
479,7
2318,11
1340,8
2867,11
2597,2
1200,10
2354,1
2449,12
2046,12
1342,8
1574,11
6,11
596,12
1112,12
531,9
205,1
1177,4
993,8
884,1
3253,7
56,1
835,2
1090,3
1713,10
19,1
3123,11
2125,2
260,12
546,9
1195,2
2858,8
2052,7
3264,14
1597,7
1609,4
1500,14
799,12
1475,10
2297,5
2123,3
798,9
1604,2
3130,7
36,8
337,3
1448,12
2281,4
3248,11
568,12
562,7
2172,14
2225,7
2546,8
343,11
1856,7
2012,4
2811,14
202,10
1126,5
851,10
400,10
1083,1
1432,5
1311,3
2596,6
2084,8
909,3
1408,8
1488,12
161,9
2325,11
3360,14
1768,13
2455,10
2091,9
2558,11
1230,10
334,9
1401,7
1602,7
1669,9
3141,3
2560,6
1676,8
171,5
3336,11
2024,9
156,13
1745,10
836,11
3136,2
629,3
1706,6
1410,3
2169,5
2342,3
1313,6
1539,10
1338,8
2305,7
248,4
1876,9
216,5
142,12
802,4
1645,11
3031,12
2920,5
253,7
2145,8
579,5
3436,6
1007,7
388,5
2165,14
1662,2
3409,11
267,2
1397,10
125,4
1137,2
3430,8
446,12
1158,2
2910,1
646,6
569,6
1237,11
967,7
1556,10
777,4
974,5
1865,3
2935,3
3378,4
3313,12
1535,1
950,12
2827,2
2301,14
2374,12
3361,14
1258,14
2135,7
45,2
68,5
3413,12
804,1
2456,9
1154,1
2692,7
2761,8
3291,4
2996,1
2975,7
2388,13
1560,2
3119,1
1264,2
3305,12
1608,9
3021,13
504,9
2116,5
1571,9
1708,13
3391,7
1005,13
366,2
2925,8
1586,4
1305,6
317,10
2114,11
2907,2
3327,10
3161,8
1363,5
2539,14
535,10
3370,14
660,6
3347,2
1711,3
1796,10
3107,1
3082,12
3176,1
2451,13
325,4
2820,10
2351,13
3449,6
2642,3
305,2
2641,11
1667,12
1191,6
175,2
1946,2
1824,8
2303,7
889,3
2561,11
28,1
3407,14
1365,6
1640,5
1506,6
866,11
705,9
1842,7
2696,2
3497,4
532,8
2420,7
1436,2
1476,14
2578,4
347,8
200,13
770,2
727,1
2317,6
124,7
2447,4
2218,7
855,7
3022,4
2185,11
204,14
2607,7
365,7
3304,9
3008,13
74,7
3084,5
1612,11
2202,9
3159,3
2912,8
730,1
2801,10
288,5
1185,13
1198,5
1350,2
1548,1
651,2
2098,6
44,1
1473,7
3202,3
3311,5
2864,8
1262,10
1516,8
1032,6
2594,10
488,6
1982,14
3012,14
782,12
96,8
2812,13
3110,7
3043,14
232,1
1065,3
2492,2
1966,2
574,7
1701,9
1371,3
2020,13
1834,7
1400,6
2133,6
197,6
3420,2
2892,1
3435,1
99,10
2536,9
1537,2
1491,11
3317,4
603,4
2927,5
669,4
2656,9
1526,12
18,3
2007,9
3000,8
565,14
2417,10
2901,11
2224,9
500,3
2982,2
2493,8
888,10
2969,13
3410,6
1174,4
991,3
1835,2
70,2
237,4
141,9
913,10
2708,8
1380,14
77,6
748,9
2701,12
2132,11
1956,8
1485,10
600,14
1451,14
734,3
2757,3
2429,12
1760,13
1156,11
503,13
845,11
2163,8
1791,1
564,13
1368,10
3132,5
1603,10
1581,5
2150,1
3173,13
3267,13
3144,13
2767,13
3363,3
1250,3
599,10
2799,7
1315,14
2057,2
1243,2
886,3
1188,13
2976,8
3299,6
321,5
3140,9
2043,13
2399,8
481,4
2863,10
638,4
3050,8
3104,5
917,14
947,11
828,14
368,11
1437,10
2191,6
2077,6
2178,9
2469,1
566,2
2453,12
2861,7
210,14
2075,10
1833,10
3342,6
1265,4
195,10
2110,2
2728,9
2092,6
341,7
2725,6
2499,8
977,6
2476,1
1429,1
3346,9
819,9
41,9
988,12
620,1
795,9
1899,14
53,3
196,6
549,9
95,2
3451,5
1075,14
2745,12
663,6
1037,5
3039,7
2019,7
1370,14
1630,2
976,10
2027,14
2127,12
1987,8
423,12
576,10
833,6
774,2
1911,11
2360,4
231,3
2962,13
3289,10
784,7
2302,3
1773,8
1716,10
3343,12
1031,3
427,10
729,11
538,11
1105,7
3269,1
1772,5
1611,3
49,13
3277,2
570,7
2717,8
2355,8
1900,8
3460,2
3067,12
3412,13
1253,10
2552,14
1722,3
424,8
1595,12
1358,6
1199,4
147,5
2181,8
243,4
3158,2
1402,9
3188,9
1515,3
1205,8
1058,6
2291,2
994,2
2582,14
1826,4
1848,2
2418,11
790,1
3143,6
3345,7
1330,11
46,2
1221,3
50,7
3438,11
1890,5
3142,3
1964,12
2199,11
2714,3
2694,4
69,5
3340,1
3233,14
2480,6
3194,14
430,4
1038,12
1092,13
3169,8
1521,1
2033,14
2400,13
1675,3
1691,11
3333,3
3070,7
2392,11
2613,14
545,6
435,3
1967,12
737,11
2897,6
2751,13
3349,14
24,1
775,3
2032,4
229,9
2105,12
3484,2
1552,1
1279,9
2974,4
183,13
3007,1
1774,4
918,8
2329,7
553,2
678,4
1682,2
1147,7
385,9
3209,11
1575,6
2959,1
1519,3
431,5
2541,12
1647,7
2421,8
3225,14
1497,3
3251,12
2565,4
3214,5
2004,6
3065,6
2214,12
2615,13
62,14
555,3
66,3
2044,8
353,14
434,1
47,8
1459,8
2743,14
3220,11
1746,1
1525,13
2121,12
2227,9
2845,12
2346,6
2915,12
827,6
2159,11
3048,13
1161,13
2016,5
864,5
2550,12
1533,9
1054,4
136,7
2782,9
2448,6
1461,4
3318,14
2868,6
2028,13
2059,9
598,9
2574,3
1427,10
875,10
120,10
453,5
2062,4
2922,9
2680,2
1406,8
550,11
1709,1
3292,2
3216,1
1067,10
1960,14
1712,1
115,1
1623,9
2535,6
2424,4
905,12
541,1
928,3
2771,3
2715,4
1750,9
2489,14
2353,9
1420,9
254,4
2377,1
1047,5
1099,3
1554,13
822,12
3059,8
3480,2
1584,6
3254,6
2669,8
426,8
1443,5
2698,14
1585,7
3105,5
1861,2
2079,6
3500,5
1121,10
227,6
630,6
377,8
1978,5
1869,12
121,8
1291,7
2222,6
2592,9
1803,9
515,5
703,2
2691,7
1568,9
1382,3
1333,4
1148,5
684,5
3174,14
2107,5
1138,9
369,5
3397,6
931,5
2531,1
2837,4
1018,9
2063,9
2528,6
1288,4
1489,4
1857,1
458,6
3111,12
393,7
3259,9
2932,4
1292,12
1493,13
1544,8
144,14
2862,5
3181,3
3262,13
411,6
89,8
2729,1
528,12
438,1
1299,6
416,10
1601,9
1714,8
3003,11
2090,3
2129,14
2965,11
776,6
691,12
2623,8
1109,3
1941,5
1270,2
1123,11
3033,6
2849,3
736,10
2367,13
664,5
3207,14
1153,4
1411,13
339,8
3095,4
1896,1
198,2
280,5
3354,2
1726,4
3446,13
1740,13
2678,9
911,1
506,12
1359,9
1049,1
657,8
2840,3
2521,11
2928,2
2363,8
1588,5
1936,1
1282,13
3417,3
10,2
1015,13
3319,14
297,5
2502,7
2961,14
986,4
767,11
3341,9
191,14
2527,9
3066,7
3350,11
2556,11
3115,6
3219,2
3476,11
3383,5
1101,5
1103,4
428,10
1724,6
944,5
2389,12
2457,8
960,7
3372,10
1334,12
757,7
1220,13
3282,3
1663,14
668,10
184,13
122,8
1424,2
1428,12
589,13
2131,9
3150,4
1790,3
2526,9
1241,11
2093,5
1048,2
1509,11
2350,11
2758,4
847,14
3222,3
3239,2
477,7
463,1
2174,12
1108,10
491,14
2567,2
3047,8
557,3
3273,6
3419,11
2338,13
982,10
3270,5
2048,3
710,5
2074,6
2760,1
1417,4
2577,3
2852,4
1496,9
809,5
2158,4
1829,8
590,5
2244,14
2813,1
2514,13
2890,14
1002,7
1128,9
1167,2
2555,2
461,3
2542,12
3364,14
505,1
1679,3
2193,9
2054,4
1912,6
702,4
2645,6
2649,12
1102,12
2667,11
3396,2
2810,1
2010,11
3309,2
1283,5
2675,1
2109,7
966,4
1028,9
2148,11
2111,14
846,5
311,2
1618,13
643,9
2769,7
2530,2
391,5
226,13
2128,11
497,13
3197,6
1921,9
1751,7
2067,3
984,11
2134,11
467,8
544,2
3153,4
1854,4
2390,2
1703,10
225,13
679,8
755,3
35,11
973,8
614,11
3495,12
2477,3
2936,7
2654,7
689,13
613,4
805,1
2611,13
2939,4
1480,10
2924,14
1624,11
306,8
2083,2
1438,4
971,11
2874,4
2314,1
2727,9
1897,2
83,12
1917,7
2491,9
1043,3
408,10
296,12
749,4
3088,6
2248,14
1501,10
807,4
3145,14
3325,14
244,8
2190,12
2738,5
1901,8
1033,10
1565,14
2431,1
592,12
3035,4
1686,6
2184,12
2270,5
3074,10
105,13
3093,10
93,3
1542,4
826,7
750,1
2230,5
2069,6
883,2
221,5
17,7
2652,11
3411,1
3308,9
1014,4
2216,14
1948,10
100,2
1412,13
2031,12
2238,14
1540,7
1036,8
806,10
3321,7
3329,13
1697,9
1944,14
1022,4
2349,4
2304,10
2836,3
3421,12
389,14
2898,1
1184,11
2878,4
1399,12
509,10
857,7
787,3
3488,14
104,14
199,8
289,1
3198,9
2774,13
2017,10
251,2
956,4
2505,9
1232,14
218,13
2636,3
1055,7
2588,4
2755,4
2749,10
708,8
3461,8
641,9
1867,11
2829,6
3371,12
1481,8
992,1
2519,12
1446,11
2288,6
3483,12
150,4
929,11
610,10
2583,12
502,8
990,9
619,8
594,12
3078,10
1020,11
1995,11
1908,12
1172,10
432,11
3079,7
1182,9
3479,3
1720,10
59,13
2309,5
1828,8
692,7
2026,11
2624,13
1658,2
1190,11
1213,3
346,13
1983,9
3486,6
2984,14
1259,13
1808,5
1336,12
2603,14
1129,11
403,5
514,2
3102,10
2731,8
1063,6
709,2
462,3
661,7
1737,2
338,9
623,5
1839,11
2846,6
1754,11
2955,12
1620,9
2586,11
1710,11
3348,12
1204,2
2099,9
3243,13
706,6
1060,7
2144,1
1969,3
1308,1
650,14
257,14
1349,3
1531,11
839,6
1648,9
3359,4
3433,9
1372,8
2967,4
2683,2
177,8
2600,11
266,13
1130,5
3324,14
2406,14
2409,11
1508,2
740,3
3334,11
1831,10
485,9
2287,8
3086,13
2161,3
2251,6
2991,3
741,12
3487,5
1307,7
1973,10
615,14
595,6
1111,12
3374,2
133,3
2513,13
655,10
180,2
2977,14
2525,8
1798,7
1801,4
278,5
252,10
3085,5
2650,2
585,6
1254,2
440,12
2320,3
534,7
2408,3
3231,7
1151,2
1502,8
1061,14
3002,2
2066,13
2770,1
3129,1
3439,6
2038,3
1331,2
2515,14
3025,10
3183,10
3365,13
1934,6
2037,8
1792,3
2908,4
3126,5
760,2
1777,13
315,12
1771,1
67,4
1162,1
2587,6
2292,9
751,7
1849,3
2507,9
138,9
2589,8
72,8
2247,14
1950,11
2540,6
2486,11
64,11
328,3
1392,8
1051,6
2637,14
832,11
1306,7
1375,14
154,6
2640,9
2802,1
2240,10
891,4
1524,13
1523,13
1907,2
916,12
2115,4
3163,3
3441,13
342,5
873,7
2905,3
2971,3
628,10
2508,10
3227,9
2397,5
2467,9
1632,4
658,3
602,11
3122,12
3203,14
3468,9
2326,2
2381,6
870,11
170,5
2833,3
1064,13
2041,11
2947,2
1418,11
2538,10
2870,7
695,5
1728,9
3257,13
820,9
1879,9
2323,4
255,9
1959,13
3432,1
2616,8
1545,5
1498,4
3366,10
392,1
2847,4
75,5
2687,6
2994,13
2804,6
2265,4
3297,6
2089,2
3073,11
86,1
1616,5
1504,1
413,4
601,1
76,11
2461,12
1467,6
130,3
3229,3
2824,8
1809,12
2402,9
1425,13
2283,10
1403,3
359,5
1821,7
694,4
1119,11
2661,1
91,13
274,12
681,3
1192,6
213,13
1832,8
2143,6
494,9
2778,13
3211,7
2952,11
1639,11
3300,10
765,9
793,12
1820,11
2475,13
2869,6
800,11
2627,5
1135,4
2657,8
1671,5
1115,14
1078,2
139,5
739,2
3029,4
176,4
1914,7
2988,7
3482,11
854,6
1627,1
493,11
723,2
3474,13
4,6
1898,7
2295,4
295,3
1472,11
2888,6
2750,2
1056,12
1295,3
2253,9
1098,5
2366,9
3180,13
1550,12
3228,4
937,3
1276,9
1309,4
3221,8
489,5
98,14
2423,13
617,5
3379,8
2658,1
1952,12
2737,14
1619,8
2187,8
1851,12
2569,11
2327,1
1958,4
1843,7
3405,8
3114,4
2368,5
1261,1
2723,14
1823,13
1445,7
2119,9
2964,9
3338,8
2166,8
1793,8
79,14
2341,1
2818,1
687,3
2881,12
1464,12
203,8
3193,3
2229,10
2047,7
768,2
1968,8
791,10
483,5
766,13
3040,14
812,8
110,14
850,8
55,7
1853,13
924,8
455,1
3387,10
3481,12
2101,8
1052,10
2394,11
559,4
2322,12
3026,8
3009,11
3068,1
2786,9
1057,13
1457,2
1845,2
3465,2
761,7
2619,8
1314,9
107,10
513,6
3275,9
2573,9
3118,3
332,9
858,6
1081,8
2595,9
2625,11
1594,12
578,5
3013,3
2479,11
3236,8
3155,6
3184,5
754,12
1855,10
2413,13
1607,5
2049,12
2590,2
3240,10
480,10
1825,4
1606,2
2072,8
1541,1
584,11
2524,6
910,9
487,5
1474,5
1386,1
747,3
842,3
2256,2
1753,13
1477,10
340,12
1819,5
1580,13
1419,14
2310,9
2516,13
316,10
2470,13
2902,12
269,10
1885,9
1681,6
690,14
1965,1
1797,8
1694,10
3015,4
3394,3
1579,8
2808,10
2152,8
1615,2
606,2
2979,13
2807,2
1933,7
2036,7
394,11
3213,2
1570,11
700,13
3056,9
2446,1
2563,2
743,10
38,12
1881,9
1042,4
3261,4
1374,3
1758,5
192,1
3310,13
1404,3
1779,4
2013,9
2871,1
262,13
1666,1
673,12
2946,11
1318,11
772,3
1916,6
3147,9
2384,6
3205,7
1219,1
1922,9
803,14
2956,14
1431,7
2957,7
1800,6
717,13
290,4
2337,8
1194,4
167,3
3156,14
2511,2
1235,8
2966,9
2118,7
2096,1
582,3
2968,8
1949,14
2648,12
194,7
676,6
2171,7
686,8
1326,6
2591,2
2211,14
1975,4
1225,12
1391,11
693,9
1587,14
838,9
794,14
580,6
764,4
746,11
326,12
1249,13
1071,14
2566,8
3390,14
2842,14
1450,7
508,1
2781,10
354,4
1324,8
2673,9
173,1
1463,12
704,14
1715,7
1661,10
2412,7
923,1
127,1
3108,2
2137,9
2931,2
3069,4
2702,4
386,1
1335,12
2806,4
1659,9
922,10
2458,12
3075,11
3402,6
2140,12
1189,2
2797,1
3429,6
1039,11
1217,1
2483,4
185,2
3024,14
2102,6
2465,14
158,11
588,2
2280,12
2554,5
117,14
78,5
926,3
946,13
1868,5
2340,10
1040,8
2841,5
116,4
2380,8
563,3
2160,5
621,8
1294,12
2557,4
3389,9
140,1
901,5
310,8
2274,1
2944,4
3478,10
3028,6
2053,10
1302,11
2639,3
1157,7
1807,13
2632,13
920,1
1187,5
3186,6
3051,11
3165,11
951,14
1012,8
3101,4
1583,10
363,8
155,2
1343,3
3395,8
2681,3
314,9
1234,1
356,4
405,14
525,10
300,7
2055,12
484,3
2273,14
2791,10
1322,4
1678,10
1490,3
2232,11
716,5
1590,4
2243,11
2674,12
1992,4
1955,1
1997,14
2279,2
2949,12
345,14
2783,4
683,12
454,13
3320,4
1528,2
636,5
1783,13
2494,9
2242,13
2204,11
2001,13
1207,1
2707,11
499,11
217,8
3339,11
895,14
3489,14
742,2
1413,13
2916,5
2249,7
1971,4
2548,14
352,12
3152,7
43,12
830,7
2040,13
1930,1
856,4
1312,11
3368,1
829,3
1175,9
880,3
2407,10
2825,9
3206,6
160,13
1887,5
942,9
2278,2
894,9
3241,4
2179,14
2296,6
814,1
2315,2
2992,4
1652,5
1369,13
1707,14
1145,13
2605,1
2219,6
3037,3
1091,8
2246,9
265,14
360,8
3455,2
3250,7
3293,6
2345,4
2061,11
672,3
2139,10
524,6
1566,10
2147,13
2435,11
2668,2
2798,5
3452,3
16,10
113,2
1228,13
810,3
452,5
94,3
632,8
2151,1
1080,13
3030,7
1215,1
3192,12
3454,3
581,4
228,14
2086,11
707,11
234,12
2705,14
1547,6
442,11
2014,9
2146,9
906,5
1244,5
2686,2
2154,3
2790,9
2113,4
558,7
168,3
1381,9
3258,5
2241,1
2356,6
2459,5
319,7
108,3
3063,14
174,13
1222,5
2876,9
1929,6
1591,6
665,7
1478,7
639,5
758,5
3279,7
699,9
930,11
860,13
771,6
441,3
2452,10
1529,2
3426,8
2331,10
3276,14
1297,3
2170,4
3226,5
143,3
821,11
1347,13
2855,6
294,10
1782,14
372,9
13,9
719,10
2879,2
1888,13
2177,9
2285,7
1440,5
2375,1
2472,13
60,5
548,10
1421,1
1699,11
1348,8
2839,12
1248,2
54,13
3182,8
1317,14
2734,14
1257,4
1274,10
1677,4
2378,14
1996,10
1149,3
1731,4
879,2
3120,11
464,4
2893,6
571,14
2344,4
236,11
753,10
2468,8
3459,10
2289,11
3200,6
1736,9
460,11
1976,3
2995,2
872,8
3358,9
2776,12
1280,9
2276,13
3255,9
3154,4
2999,11
2348,11
2157,2
2437,14
246,12
2660,2
1527,1
396,5
1769,4
3357,8
350,1
2581,14
275,6
1943,14
2795,12
1534,12
1045,7
2076,5
1749,11
1281,8
390,12
3328,1
1634,13
3416,6
1389,11
1695,6
936,3
3247,10
1762,13
881,7
3425,13
2164,13
1763,12
3042,13
2180,7
1208,7
3083,1
2638,10
3496,12
517,12
270,4
608,1
2887,2
3406,4
302,13
3332,7
2009,6
2697,9
1747,14
1646,14
1962,12
3139,5
2919,12
1877,4
2684,10
3443,13
2815,14
2064,6
1852,6
447,5
2103,3
3353,14
1837,12
3302,10
3337,10
466,9
1725,5
520,5
215,12
3091,7
714,13
65,9
1327,10
3224,8
1468,1
3172,13
540,3
2463,2
451,2
715,8
2822,11
533,13
2951,9
2929,6
12,2
2848,14
2321,3
955,9
885,8
849,9
2923,3
841,5
3271,1
998,10
3032,2
3175,8
88,7
2635,9
376,6
2930,10
501,12
3146,6
1131,13
1631,6
3195,12
1470,7
1505,6
2520,9
1486,2
968,12
1822,7
1817,1
890,14
2676,8
135,7
2631,7
2396,11
2005,10
406,1
3274,12
2328,11
2773,2
1520,6
3044,7
1592,5
2986,12
2313,2
399,5
476,7
2018,14
1247,6
153,2
186,14
573,12
478,13
2533,7
2266,10
1902,12
259,14
907,7
1344,3
3498,5
1932,6
958,11
444,6
1522,7
1561,14
1074,1
1510,7
2430,9
507,4
2198,7
3403,3
2572,4
1617,10
2236,8
2228,11
1628,3
2532,8
577,1
3020,10
1919,6
472,2
1388,8
3492,1
1974,7
1053,5
674,5
1117,9
2056,6
2665,6
1499,8
2726,8
3218,12
823,9
720,13
2385,4
3019,3
1209,5
370,14
539,12
3414,7
137,4
1806,12
1266,13
162,11
3208,11
561,4
1027,9
2937,6
898,1
1444,2
3238,1
1173,2
2035,6
201,1
34,2
2809,5
3098,1
90,7
1210,3
2909,13
3448,14
1563,8
972,12
2844,14
1980,1
1576,12
2865,7
1238,11
2481,9
1025,9
1738,9
1226,12
2945,3
2885,9
303,10
3315,3
2239,14
1179,10
1906,3
3089,10
1046,5
1883,12
1041,10
1889,10
952,11
587,12
2039,11
3281,11
2980,4
324,8
3290,13
697,11
738,1
1688,4
2830,1
3323,3
597,2
1765,5
1536,7
1469,11
1202,12
3385,12
3388,3
189,14
2403,7
3062,6
3168,7
1818,8
2336,11
3196,14
1778,13
371,14
2576,11
1178,12
962,13
3125,5
3016,3
2217,2
1999,3
1298,13
3418,13
2186,6
1346,1
3127,10
1629,6
1387,6
3265,13
1924,3
307,4
633,4
1680,11
591,1
63,1
1872,6
2155,9
409,8
1804,8
2579,2
1360,3
2058,1
2564,1
152,12
2029,6
624,4
1582,11
1562,6
3212,7
1304,2
179,11
1683,13
2497,1
2796,8
2343,8
979,8
773,14
1319,14
2857,10
1546,6
3071,14
2512,14
1362,2
1414,4
3232,10
2207,2
1830,13
609,7
2006,3
3303,1
2643,11
2509,4
1095,7
3462,11
1393,12
2792,6
2629,8
286,5
560,10
2082,12
781,7
1572,14
593,4
2258,2
1871,11
2646,9
1935,5
1977,7
1702,13
1120,6
2085,12
1196,3
3467,14
631,3
482,7
1891,11
465,5
2490,1
2614,10
1672,11
2263,7
57,3
2257,2
1273,11
649,2
3283,11
2763,14
2835,12
1986,13
3072,8
1180,12
3097,9
2250,1
3408,5
3046,9
212,13
1811,1
2042,4
3431,6
2124,10
769,2
223,14
1693,7
1893,5
2789,2
5,7
2108,11
1656,4
475,8
1325,10
2730,9
3373,13
361,1
3138,10
151,10
2254,3
1641,2
2501,9
2030,9
3201,8
1351,7
659,6
429,11
1316,13
1366,3
2913,12
1426,5
1926,11
374,13
2547,5
2765,14
2398,4
744,2
2914,10
2884,12
2126,2
2978,13
718,13
2719,6
3215,5
1104,6
85,5
2405,13
2357,11
3230,9
375,1
2695,8
1026,6
2651,7
1770,2
3006,7
2450,3
330,7
1794,7
2023,11
2212,9
2050,1
3362,2
2911,12
1246,13
1920,12
510,4
1799,2
1183,9
2899,6
3296,7
3284,4
680,1
245,13
3404,5
583,11
1089,2
3018,3
2866,2
2231,3
471,8
2843,11
811,5
2416,5
2517,10
957,13
292,13
1860,1
1159,6
1181,7
949,7
134,7
1193,3
1925,9
2433,4
2529,1
1674,10
11,10
642,11
308,2
2261,12
712,4
983,13
644,13
333,10
3058,8
3376,10
852,4
407,4
2498,13
247,9
2330,10
2973,10
1757,2
3237,12
1218,6
1814,5
1846,12
2779,7
2141,13
925,13
2630,1
2942,5
1705,10
2286,12
486,7
2985,10
349,9
2894,10
2306,9
612,3
622,8
220,6
2364,4
304,6
2015,2
1642,14
268,6
468,6
1957,1
1035,12
211,6
756,2
1396,8
1805,11
1961,2
1923,7
1165,12
2352,7
51,14
421,3
2617,5
2711,12
1197,12
3054,2
224,9
187,9
1124,7
519,5
2754,4
58,5
1239,10
3442,7
1479,5
932,8
1214,10
796,8
412,4
1160,12
2445,7
2149,2
2415,13
1133,6
1984,9
887,4
3189,9
759,4
2195,11
490,10
3380,4
789,12
495,10
945,8
3331,8
1256,8
1110,9
3314,8
1442,8
1355,12
3177,3
1743,3
3447,3
2175,12
2268,11
2880,7
1512,14
2383,5
1255,6
997,10
3199,3
908,3
1206,6
382,1
71,2
1836,11
2011,1
1951,13
985,3
2275,8
3055,9
2997,6
989,13
3278,5
783,9
2117,10
42,4
3151,13
1132,4
2442,4
1146,8
1395,14
1059,14
1454,2
869,12
1998,12
2742,5
1332,7
2851,11
118,1
1378,1
2733,1
2500,6
2335,3
2832,4
999,14
1847,6
1143,10
355,2
1006,6
1321,9
1100,1
2427,4
1785,14
2706,4
1981,5
3490,11
2523,9
1107,12
2138,3
722,12
1784,9
3381,7
1884,11
3415,14
1484,9
1776,14
433,13
2008,3
3312,7
52,10
1398,10
2653,5
3081,14
283,14
1518,6
3356,11
2183,13
1423,1
169,4
2319,9
3246,1
2460,6
1236,8
418,10
995,7
2570,13
2426,4
312,10
813,3
1625,1
1538,13
2780,9
1278,4
106,1
2371,12
2981,3
1275,13
671,5
3326,2
2488,14
2482,5
688,8
1511,12
1050,11
3428,7
893,10
2311,14
469,14
1940,13
518,5
3100,2
625,6
3170,8
84,4
817,12
3045,5
128,7
165,3
2670,12
3077,4
2663,10
919,14
1434,6
214,12
3294,3
3287,1
1927,14
3112,12
1034,2
1727,13
3466,5
2739,13
1383,1
1339,9
1863,8
867,9
1341,7
2903,1
1066,7
2838,6
745,4
1892,4
556,7
1756,4
2633,4
344,7
112,5
2716,2
2312,2
2425,9
1614,12
111,1
3400,8
2549,10
3010,14
1915,1
3266,7
1657,7
2740,7
1377,3
1593,13
119,3
3166,1
1786,6
1118,11
3352,11
2000,14
904,10
2471,6
2237,5
2205,2
1717,13
1598,14
1224,4
1441,10
25,3
1954,5
1559,5
2359,3
81,14
3134,12
1596,10
1721,7
848,11
256,11
1704,11
1909,5
2223,4
1356,14
1670,3
1700,1
264,12
877,10
626,5
1569,6
948,1
618,12
3351,8
331,13
2213,11
1310,8
1376,3
1113,8
961,9
1171,14
318,7
1802,7
1125,1
980,10
2568,11
1985,11
2136,7
1136,3
2612,12
1013,13
1062,1
1844,14
1945,5
652,5
1827,7
2896,4
1748,7
2068,6
2510,12
1813,6
1300,3
2439,11
2290,9
3131,11
2735,14
1904,5
547,2
1870,3
498,12
1021,6
2284,14
3135,14
1903,1
2122,6
721,1
897,13
1742,4
437,5
23,7
2817,1
2688,12
605,13
1000,3
1637,7
2025,13
1573,12
797,2
2358,5
2580,8
1698,8
1866,5
299,1
2504,5
3268,7
3434,13
190,8
101,13
604,9
816,1
3244,12
1272,9
2756,12
963,13
3171,3
1373,14
3113,10
2593,10
2720,4
2112,6
1163,12
348,3
2699,11
696,5
1939,6
2094,8
3164,10
2768,10
1812,10
3027,5
1905,13
1320,12
2682,13
3263,3
2376,10
3011,4
3004,2
1176,14
1245,1
2,4
2245,2
1664,12
1233,4
2332,9
2522,12
713,4
2775,1
3160,13
2724,11
1723,11
786,7
522,2
2271,6
1212,6
2856,11
1649,8
1337,13
1673,1
3001,3
1267,8
2078,12
1231,10
511,7
3061,11
1286,9
2553,11
1353,11
2721,1
287,3
1767,2
1492,13
808,4
2747,8
2814,3
2206,1
2130,7
7,13
1787,9
2904,7
182,11
1044,1
779,8
2362,9
1578,4
474,4
2095,1
2484,4
1788,4
3272,5
1416,9
1780,14
2444,5
445,6
157,10
3099,4
2379,14
3307,10
1070,13
3057,11
114,9
1357,7
3187,13
2784,9
1638,1
2087,14
2628,6
1439,7
1144,8
3427,5
1142,6
1345,11
1633,7
792,11
2704,8
97,4
914,4
933,5
1251,7
1433,4
1886,4
818,8
912,12
1928,10
159,7
1567,10
443,13
3472,7
653,3
3322,5
1017,8
3103,11
1687,10
1361,4
735,12
102,2
1689,5
726,14
666,13
970,3
634,10
2543,10
3423,6
2294,8
1449,9
422,2
2732,9
1023,5
2794,5
861,14
1466,13
164,7
1494,1
1263,8
172,11
523,1
1761,12
607,1
2264,3
2386,2
1513,14
148,14
2235,9
611,8
2831,13
3386,9
3286,4
40,2
2298,4
1752,7
2891,1
2260,1
1810,1
3295,8
1073,1
2610,2
536,14
1367,2
15,9
181,11
1134,14
3204,10
2599,7
379,2
209,11
1029,13
3288,2
2071,5
1082,13
2598,14
2816,13
834,5
1405,14
2940,4
863,8
2478,5
1155,5
1116,7
3456,11
3330,14
3041,11
439,11
473,2
3445,12
551,9
425,4
2718,8
1227,4
2272,2
2736,5
33,1
2167,7
2679,14
2506,12
1240,6
2882,2
2226,13
3249,6
647,6
1168,7
1514,12
1001,8
282,11
1430,7
543,8
3157,3
2073,4
874,3
2203,1
301,8
410,11
2307,3
2545,8
1878,12
39,4
298,4
3080,11
3106,1
1873,5
1229,14
2644,4
3252,2
537,10
1622,13
1088,2
978,12
1287,11
2934,6
2744,2
837,10
1069,12
1296,13
2142,8
2316,11
3355,8
2693,3
1718,8
336,8
2537,14
163,9
2436,14
2372,10
1009,3
2334,1
492,14
1654,14
964,14
2766,1
279,7
2438,3
281,7
762,3
329,3
2081,12
233,7
645,9
2176,4
2060,11
1953,8
2393,8
206,11
235,10
1285,13
3064,9
250,2
2221,5
3014,2
2373,9
240,13
892,14
1216,2
778,8
635,5
1994,8
2943,1
2712,3
2277,3
2993,6
2854,1
1733,5
1169,3
1864,14
1087,1
1600,1
9,13
1553,9
675,10
241,6
1643,5
876,11
1972,11
1990,14
1665,4
682,9
969,4
3087,12
383,9
61,11
2215,3
2672,14
208,10
402,2
2255,5
1816,13
309,10
1024,13
1895,9
3223,3
752,5
3485,6
575,13
1838,4
3440,8
3210,8
785,6
1019,10
448,11
1390,4
2983,6
1650,9
249,4
404,9
2647,6
2677,5
2759,12
222,8
3399,8
1913,6
1684,4
1735,4
1452,4
1766,5
2700,10
398,4
387,1
780,5
1668,5
1938,6
996,1
1937,5
2361,1
2339,3
2963,9
542,2
3260,5
878,10
1989,11
2741,14
1141,2
975,8
2106,2
3234,10
1354,5
129,2
277,10
938,3
242,10
2585,13
2900,10
291,1
30,13
3469,9
2411,12
943,1
2269,4
2410,14
87,13
1385,8
263,7
921,4
1016,5
496,13
1850,12
2120,14
1795,10
1530,12
3473,4
2752,13
1635,11
1277,12
2921,7
824,6
2826,1
2990,12
3094,12
2209,2
868,6
1734,5
2485,3
2162,8
1086,10
677,8
2252,8
1947,9
2703,3
526,10
516,7
3137,14
2182,11
3116,13
284,14
1991,10
2998,12
351,7
3437,4
3375,1
987,13
238,12
981,7
1260,10
1487,14
459,3
80,9
2002,11
1328,8
2454,12
3,13
2173,14
3190,4
2210,9
662,6
3124,2
1532,1
3344,13
3475,14
2495,9
3444,2
2618,6
1223,6
2562,11
436,2
2080,14
732,4
3121,6
2051,7
1079,1
2948,4
2958,7
14,14
1859,14
648,3
1781,6
1203,10
3499,1
3458,6
2626,14
3149,13
1093,6
3076,1
2200,1
2793,6
470,14
2953,1
2787,14
48,13
2267,13
1030,13
2168,9
1918,13
2441,7
1564,5
1577,2
261,7
2443,11
1730,14
2788,10
3245,2
656,5
2571,6
627,9
450,6
193,1
3096,3
373,11
2022,11
2088,14
567,2
899,3
1483,10
1636,9
2391,7
1755,9
2395,8
3060,14
1077,12
2208,3
2300,1
3052,2
1011,10
3493,1
1085,10
586,12
1880,2
2634,9
1621,12
2045,7
2685,1
871,6
1289,5
2941,4
2324,12
865,9
272,6
1097,7
1644,2
1293,7
3298,6
132,12
3367,7
939,1
230,6
3179,11
3148,10
1329,7
2805,5
900,1
2282,4
2819,6
2622,3
1106,3
1555,7
1894,12
670,12
1003,10
2987,5
2188,10
701,14
2601,7
2496,10
293,5
2655,12
2800,9
2875,7
1094,4
2746,6
859,6
1456,5
1517,13
667,8
1495,1
2604,12
1858,9
3457,3
3450,6
414,9
954,5
327,1
1186,8
3167,13
934,2
2709,5
188,8
285,4
2886,8
788,6
2365,10
1482,3
2534,2
2575,2
3398,12
1201,6
2262,14
323,10
1551,7
512,10
2197,5
1882,7
2989,13
178,6
3306,4
1084,3
2473,2
1409,3
1471,3
397,13
1557,10
380,12
419,12
1379,1
3128,3
882,1
637,7
1139,8
1394,14
1732,8
2860,1
654,10
3301,11
3109,4
27,11
3316,7
1140,3
2414,1
1840,3
903,2
1719,5
2233,13
2873,2
2662,7
2933,6
815,13
2299,2
109,14
2466,3
2070,8
953,14
896,2
384,7
123,12
131,12
1729,10
2419,4
357,14
2234,11
3034,3
2772,9
420,14
3017,13
572,2
915,1
1004,2
1127,13
3038,7
103,4
457,3
2620,8
